GISJOIN,POPULATION
G0100010,55221
G0100030,195121
G0100050,26932
G0100070,22604
G0100090,57710
G0100110,10678
G0100130,20354
G0100150,116648
G0100170,34079
G0100190,26008
G0100210,43819
G0100230,13395
G0100250,25070
G0100270,13537
G0100290,15002
G0100310,50884
G0100330,54444
G0100350,12865
G0100370,11027
G0100390,37886
G0100410,13938
G0100430,80965
G0100450,49866
G0100470,42154
G0100490,71068
G0100510,80763
G0100530,37935
G0100550,103766
G0100570,16896
G0100590,31634
G0100610,26815
G0100630,8697
G0100650,15256
G0100670,17252
G0100690,103534
G0100710,52860
G0100730,659026
G0100750,14133
G0100770,92737
G0100790,33586
G0100810,150982
G0100830,88805
G0100850,10742
G0100870,20018
G0100890,346438
G0100910,20306
G0100930,30387
G0100950,94318
G0100970,414251
G0100990,22217
G0101010,228138
G0101030,119786
G0101050,10038
G0101070,19856
G0101090,33155
G0101110,22648
G0101130,58302
G0101150,85864
G0101170,203530
G0101190,13341
G0101210,81437
G0101230,41153
G0101250,200458
G0101270,65923
G0101290,16997
G0101310,11235
G0101330,24130
G0200130,3304
G0200160,5684
G0200200,299107
G0200500,17776
G0200600,970
G0200680,2060
G0200700,4979
G0200900,99705
G0201000,2560
G0201050,2128
G0201100,32531
G0201220,57221
G0201300,13699
G0201500,13973
G0201580,7914
G0201640,1474
G0201700,96178
G0201800,9854
G0201850,9667
G0201880,7732
G0201950,3221
G0201980,6376
G0202200,8943
G0202300,999
G0202400,7029
G0202610,9617
G0202750,2387
G0202820,643
G0202900,5644
G0400010,72124
G0400030,129647
G0400050,136701
G0400070,53165
G0400090,37407
G0400110,9023
G0400120,20335
G0400130,4018143
G0400150,203362
G0400170,107656
G0400190,998537
G0400210,389772
G0400230,47073
G0400250,215996
G0400270,202987
G0500010,18731
G0500030,21229
G0500050,41040
G0500070,238198
G0500090,37227
G0500110,11206
G0500130,5245
G0500150,27635
G0500170,11353
G0500190,22751
G0500210,15400
G0500230,25711
G0500250,8510
G0500270,24327
G0500290,21110
G0500310,101409
G0500330,61748
G0500350,49765
G0500370,17467
G0500390,7868
G0500410,12379
G0500430,18740
G0500450,119343
G0500470,17866
G0500490,12224
G0500510,96954
G0500530,18054
G0500550,43382
G0500570,22336
G0500590,33316
G0500610,13555
G0500630,36952
G0500650,13480
G0500670,17597
G0500690,73548
G0500710,25930
G0500730,7270
G0500750,17029
G0500770,9966
G0500790,14062
G0500810,12720
G0500830,22001
G0500850,70691
G0500870,15702
G0500890,16458
G0500910,43652
G0500930,44864
G0500950,7713
G0500970,9197
G0500990,8793
G0501010,8052
G0501030,25044
G0501050,10300
G0501070,20391
G0501090,11087
G0501110,24210
G0501130,20364
G0501150,62830
G0501170,8402
G0501190,390463
G0501210,17695
G0501230,27345
G0501250,113833
G0501270,10870
G0501290,7965
G0501310,127273
G0501330,17268
G0501350,17055
G0501370,12512
G0501390,40633
G0501410,17002
G0501430,216432
G0501450,78660
G0501470,6983
G0501490,21835
G0600010,1584983
G0600030,1131
G0600050,36995
G0600070,222564
G0600090,44767
G0600110,21396
G0600130,1096068
G0600150,27788
G0600170,182093
G0600190,956749
G0600210,28029
G0600230,135034
G0600250,178206
G0600270,18373
G0600290,865736
G0600310,150998
G0600330,64158
G0600350,32645
G0600370,10038388
G0600390,153187
G0600410,258349
G0600430,17789
G0600450,87544
G0600470,263885
G0600490,9184
G0600510,14146
G0600530,428441
G0600550,140295
G0600570,98570
G0600590,3116069
G0600610,366280
G0600630,18966
G0600650,2298032
G0600670,1465832
G0600690,57557
G0600710,2094769
G0600730,3223096
G0600750,840763
G0600770,708554
G0600790,276517
G0600810,748731
G0600830,435850
G0600850,1868149
G0600870,269278
G0600890,178942
G0600910,3021
G0600930,43895
G0600950,425753
G0600970,495078
G0600990,527367
G0601010,95247
G0601030,63152
G0601050,13373
G0601070,454033
G0601090,54079
G0601110,840833
G0601130,207320
G0601150,73437
G0800010,471206
G0800030,16269
G0800050,608310
G0800070,12174
G0800090,3701
G0800110,5895
G0800130,310032
G0800140,60699
G0800150,18309
G0800170,2002
G0800190,9136
G0800210,8249
G0800230,3581
G0800250,5551
G0800270,4303
G0800290,30214
G0800310,649654
G0800330,1862
G0800350,306974
G0800370,52576
G0800390,23855
G0800410,655024
G0800430,46809
G0800450,57076
G0800470,5605
G0800490,14411
G0800510,15651
G0800530,874
G0800550,6502
G0800570,1335
G0800590,552344
G0800610,1463
G0800630,7980
G0800650,7362
G0800670,53182
G0800690,318227
G0800710,14503
G0800730,5478
G0800750,21928
G0800770,147834
G0800790,733
G0800810,13117
G0800830,25700
G0800850,40815
G0800870,28359
G0800890,18572
G0800910,4580
G0800930,16189
G0800950,4371
G0800970,17420
G0800990,12235
G0801010,161519
G0801030,6712
G0801050,11745
G0801070,23606
G0801090,6238
G0801110,606
G0801130,7676
G0801150,2365
G0801170,28940
G0801190,23340
G0801210,4795
G0801230,270948
G0801250,10185
G0900010,939983
G0900030,896943
G0900050,186304
G0900070,165165
G0900090,862224
G0900110,273185
G0900130,151948
G0900150,117470
G1000010,169509
G1000030,549643
G1000050,207302
G1100010,647484
G1200010,254218
G1200030,27135
G1200050,175353
G1200070,27223
G1200090,553591
G1200110,1843152
G1200130,14615
G1200150,165783
G1200170,139654
G1200190,197417
G1200210,341091
G1200230,67806
G1200270,34957
G1200290,16091
G1200310,890673
G1200330,306327
G1200350,100783
G1200370,11628
G1200390,46424
G1200410,16992
G1200430,13272
G1200450,15785
G1200470,14395
G1200490,27468
G1200510,38363
G1200530,174809
G1200550,98328
G1200570,1302884
G1200590,19635
G1200610,142866
G1200630,48900
G1200650,14198
G1200670,8801
G1200690,310561
G1200710,663675
G1200730,282940
G1200750,39821
G1200770,8295
G1200790,18729
G1200810,343729
G1200830,336811
G1200850,151586
G1200860,2639042
G1200870,75901
G1200890,75880
G1200910,192237
G1200930,39255
G1200950,1229039
G1200970,300870
G1200990,1378806
G1201010,479288
G1201030,931477
G1201050,626676
G1201070,72696
G1201090,210495
G1201110,288006
G1201130,161021
G1201150,392038
G1201170,437346
G1201190,108501
G1201210,43595
G1201230,22685
G1201250,15191
G1201270,503719
G1201290,31128
G1201310,59487
G1201330,24629
G1300010,18417
G1300030,8294
G1300050,11222
G1300070,3292
G1300090,45795
G1300110,18336
G1300130,72012
G1300150,101336
G1300170,17477
G1300190,19019
G1300210,154816
G1300230,12746
G1300250,18452
G1300270,15637
G1300290,33151
G1300310,72386
G1300330,23007
G1300350,23445
G1300370,6489
G1300390,51445
G1300430,11031
G1300450,112595
G1300470,65375
G1300490,13130
G1300510,279290
G1300530,11914
G1300550,25241
G1300570,225944
G1300590,120905
G1300610,3104
G1300630,267234
G1300650,6791
G1300670,719133
G1300690,43003
G1300710,46024
G1300730,136204
G1300750,17033
G1300770,133416
G1300790,12539
G1300810,23314
G1300830,16445
G1300850,22673
G1300870,27378
G1300890,716331
G1300910,21180
G1300930,14293
G1300950,93310
G1300970,136520
G1300990,10579
G1301010,4048
G1301030,54630
G1301050,19537
G1301070,22731
G1301090,10814
G1301110,23742
G1301130,108655
G1301150,96169
G1301170,196236
G1301190,22110
G1301210,983903
G1301230,28673
G1301250,3087
G1301270,81743
G1301290,55889
G1301310,25243
G1301330,16331
G1301350,859234
G1301370,43527
G1301390,187916
G1301410,8881
G1301430,28565
G1301450,32776
G1301470,25498
G1301490,11617
G1301510,211512
G1301530,147570
G1301550,9408
G1301570,61420
G1301590,13593
G1301610,14990
G1301630,16374
G1301650,8922
G1301670,9794
G1301690,28738
G1301710,18114
G1301730,10403
G1301750,47886
G1301770,28946
G1301790,64427
G1301810,7720
G1301830,16588
G1301850,113203
G1301870,30921
G1301890,21582
G1301910,14007
G1301930,14045
G1301950,28232
G1301970,8739
G1301990,21297
G1302010,5936
G1302050,22982
G1302070,26915
G1302090,8968
G1302110,17900
G1302130,39401
G1302150,200285
G1302170,102645
G1302190,34400
G1302210,14688
G1302230,147400
G1302250,27086
G1302270,29740
G1302290,18934
G1302310,17812
G1302330,41215
G1302350,11590
G1302370,21247
G1302390,2326
G1302410,16266
G1302430,7315
G1302450,201291
G1302470,86901
G1302490,5074
G1302510,14206
G1302530,8769
G1302550,63873
G1302570,25620
G1302590,5868
G1302610,31429
G1302630,6490
G1302650,1721
G1302670,25302
G1302690,8401
G1302710,16416
G1302730,9213
G1302750,44824
G1302770,40787
G1302790,27210
G1302810,10800
G1302830,6762
G1302850,68867
G1302870,8338
G1302890,8509
G1302910,21725
G1302930,26528
G1302950,68285
G1302970,86201
G1302990,35723
G1303010,5561
G1303030,20785
G1303050,30046
G1303070,2720
G1303090,7956
G1303110,27791
G1303130,103456
G1303150,8972
G1303170,9991
G1303190,9386
G1303210,21156
G1500010,191482
G1500030,984178
G1500050,85
G1500070,69691
G1500090,160863
G1600010,417501
G1600030,3880
G1600050,83604
G1600070,5939
G1600090,9088
G1600110,45407
G1600130,21309
G1600150,6885
G1600170,41066
G1600190,107788
G1600210,10961
G1600230,2653
G1600250,1052
G1600270,198921
G1600290,6808
G1600310,23369
G1600330,901
G1600350,8560
G1600370,4234
G1600390,26175
G1600410,12914
G1600430,12945
G1600450,16731
G1600470,15233
G1600490,16312
G1600510,26792
G1600530,22653
G1600550,145046
G1600570,38339
G1600590,7790
G1600610,3812
G1600630,5260
G1600650,37916
G1600670,20279
G1600690,39779
G1600710,4245
G1600730,11364
G1600750,22700
G1600770,7731
G1600790,12571
G1600810,10285
G1600830,80004
G1600850,9720
G1600870,10025
G1700010,67081
G1700030,7364
G1700050,17313
G1700070,53851
G1700090,6859
G1700110,34115
G1700130,4999
G1700150,14926
G1700170,13254
G1700190,205766
G1700210,34200
G1700230,16159
G1700250,13582
G1700270,37929
G1700290,53037
G1700310,5236393
G1700330,19541
G1700350,10943
G1700370,104345
G1700390,16388
G1700410,19826
G1700430,930412
G1700450,17992
G1700470,6649
G1700490,34332
G1700510,22136
G1700530,13835
G1700550,39694
G1700570,36323
G1700590,5385
G1700610,13502
G1700630,50277
G1700650,8322
G1700670,18738
G1700690,4228
G1700710,7042
G1700730,49883
G1700750,29053
G1700770,59534
G1700790,9635
G1700810,38578
G1700830,22625
G1700850,22397
G1700870,12829
G1700890,524886
G1700910,112221
G1700930,120036
G1700950,52112
G1700970,702898
G1700990,112579
G1701010,16665
G1701030,35027
G1701050,37689
G1701070,29956
G1701090,32009
G1701110,307357
G1701130,173114
G1701150,109193
G1701170,46844
G1701190,267356
G1701210,38665
G1701230,12173
G1701250,14126
G1701270,15016
G1701290,12611
G1701310,16107
G1701330,33539
G1701350,29348
G1701370,35129
G1701390,14927
G1701410,52397
G1701430,187112
G1701450,21810
G1701470,16495
G1701490,16144
G1701510,4331
G1701530,5871
G1701550,5822
G1701570,33069
G1701590,16127
G1701610,147161
G1701630,267029
G1701650,24783
G1701670,199016
G1701690,7311
G1701710,5198
G1701730,22115
G1701750,5859
G1701770,46625
G1701790,135697
G1701810,17551
G1701830,80368
G1701850,11652
G1701870,17701
G1701890,14457
G1701910,16555
G1701930,14464
G1701950,57525
G1701970,683995
G1701990,67121
G1702010,290439
G1702030,39106
G1800010,34642
G1800030,363453
G1800050,79488
G1800070,8752
G1800090,12476
G1800110,60511
G1800130,15011
G1800150,20014
G1800170,38476
G1800190,113181
G1800210,26686
G1800230,32835
G1800250,10591
G1800270,32411
G1800290,49679
G1800310,26240
G1800330,42449
G1800350,117335
G1800370,42291
G1800390,200685
G1800410,23773
G1800430,75900
G1800450,16888
G1800470,22935
G1800490,20527
G1800510,33668
G1800530,68896
G1800550,32815
G1800570,296635
G1800590,71328
G1800610,39230
G1800630,153435
G1800650,49146
G1800670,82765
G1800690,36863
G1800710,43471
G1800730,33448
G1800750,21255
G1800770,32453
G1800790,28113
G1800810,145645
G1800830,38062
G1800850,77983
G1800870,38084
G1800890,491596
G1800910,111280
G1800930,45814
G1800950,130280
G1800970,926335
G1800990,46962
G1801010,10262
G1801030,36211
G1801050,142404
G1801070,38172
G1801090,69403
G1801110,14057
G1801130,47546
G1801150,6033
G1801170,19725
G1801190,21192
G1801210,17107
G1801230,19414
G1801250,12687
G1801270,166570
G1801290,25567
G1801310,13047
G1801330,37650
G1801350,25596
G1801370,28612
G1801390,16991
G1801410,267246
G1801430,23783
G1801450,44441
G1801470,20856
G1801490,23117
G1801510,34267
G1801530,21111
G1801550,10500
G1801570,180952
G1801590,15573
G1801610,7299
G1801630,181305
G1801650,15860
G1801670,108268
G1801690,32358
G1801710,8367
G1801730,60995
G1801750,27930
G1801770,67866
G1801790,27796
G1801810,24388
G1801830,33330
G1900010,7426
G1900030,3892
G1900050,14060
G1900070,12669
G1900090,5869
G1900110,25803
G1900130,132496
G1900150,26401
G1900170,24539
G1900190,20998
G1900210,20507
G1900230,14966
G1900250,9914
G1900270,20629
G1900290,13590
G1900310,18375
G1900330,43481
G1900350,11853
G1900370,12244
G1900390,9280
G1900410,16537
G1900430,17806
G1900450,48365
G1900470,17252
G1900490,74892
G1900510,8742
G1900530,8249
G1900550,17507
G1900570,40208
G1900590,16967
G1900610,95906
G1900630,9917
G1900650,20589
G1900670,16050
G1900690,10489
G1900710,7106
G1900730,9174
G1900750,12407
G1900770,10740
G1900790,15297
G1900810,11092
G1900830,17393
G1900850,14467
G1900870,20080
G1900890,9494
G1900910,9674
G1900930,7071
G1900950,16344
G1900970,19572
G1900990,36726
G1901010,17318
G1901030,139436
G1901050,20560
G1901070,10291
G1901090,15280
G1901110,35369
G1901130,216640
G1901150,11271
G1901170,8731
G1901190,11723
G1901210,15644
G1901230,22396
G1901250,33248
G1901270,40962
G1901290,14862
G1901310,10762
G1901330,9088
G1901350,8002
G1901370,10465
G1901390,42913
G1901410,14092
G1901430,6211
G1901450,15660
G1901470,9208
G1901490,24853
G1901510,7127
G1901530,452369
G1901550,93213
G1901570,18705
G1901590,5061
G1901610,10101
G1901630,169994
G1901650,11992
G1901670,34509
G1901690,93586
G1901710,17479
G1901730,6213
G1901750,12575
G1901770,7432
G1901790,35315
G1901810,47542
G1901830,22017
G1901850,6384
G1901870,37295
G1901890,10614
G1901910,20884
G1901930,102530
G1901950,7563
G1901970,12936
G2000010,13081
G2000030,7896
G2000050,16633
G2000070,4770
G2000090,27399
G2000110,14812
G2000130,9880
G2000150,66092
G2000170,2722
G2000190,3520
G2000210,20952
G2000230,2682
G2000250,2145
G2000270,8421
G2000290,9339
G2000310,8458
G2000330,2010
G2000350,36079
G2000370,39304
G2000390,2905
G2000410,19516
G2000430,7859
G2000450,114967
G2000470,2991
G2000490,2683
G2000510,28993
G2000530,6410
G2000550,37133
G2000570,34714
G2000590,25753
G2000610,36787
G2000630,2735
G2000650,2593
G2000670,7816
G2000690,6065
G2000710,1224
G2000730,6393
G2000750,2586
G2000770,5861
G2000790,34835
G2000810,4130
G2000830,1939
G2000850,13400
G2000870,18898
G2000890,3038
G2000910,566814
G2000930,3952
G2000950,7790
G2000970,2536
G2000990,21048
G2001010,1674
G2001030,78227
G2001050,3154
G2001070,9528
G2001090,2793
G2001110,33462
G2001130,29252
G2001150,12290
G2001170,10005
G2001190,4383
G2001210,32688
G2001230,6296
G2001250,34184
G2001270,5750
G2001290,3106
G2001310,10159
G2001330,16423
G2001350,3077
G2001370,5590
G2001390,16080
G2001410,3782
G2001430,6048
G2001450,6911
G2001470,5501
G2001490,22625
G2001510,9739
G2001530,2545
G2001550,64058
G2001570,4806
G2001590,10014
G2001610,75022
G2001630,5186
G2001650,3184
G2001670,6988
G2001690,55735
G2001710,4928
G2001730,506529
G2001750,23274
G2001770,178792
G2001790,2531
G2001810,6054
G2001830,3740
G2001850,4320
G2001870,2149
G2001890,5772
G2001910,23638
G2001930,7925
G2001950,2951
G2001970,6997
G2001990,1595
G2002010,5686
G2002030,2204
G2002050,9061
G2002070,3211
G2002090,160806
G2100010,18852
G2100030,20355
G2100050,21761
G2100070,8256
G2100090,42925
G2100110,11978
G2100130,27950
G2100150,124617
G2100170,20013
G2100190,48917
G2100210,29388
G2100230,8425
G2100250,13591
G2100270,20061
G2100290,76961
G2100310,12835
G2100330,12826
G2100350,38106
G2100370,91475
G2100390,4984
G2100410,10830
G2100430,27326
G2100450,15954
G2100470,74159
G2100490,35657
G2100510,21300
G2100530,10188
G2100550,9222
G2100570,6807
G2100590,98173
G2100610,12105
G2100630,7725
G2100650,14476
G2100670,308306
G2100690,14544
G2100710,38649
G2100730,49778
G2100750,6422
G2100770,8567
G2100790,16976
G2100810,24670
G2100830,37502
G2100850,26001
G2100870,11149
G2100890,36477
G2100910,8669
G2100930,107529
G2100950,28400
G2100970,18648
G2100990,18441
G2101010,46396
G2101030,15455
G2101050,4720
G2101070,46518
G2101090,13357
G2101110,755809
G2101130,50328
G2101150,23350
G2101170,163007
G2101190,16000
G2101210,31809
G2101230,14149
G2101250,59751
G2101270,15821
G2101290,7119
G2101310,10997
G2101330,23671
G2101350,13790
G2101370,24498
G2101390,9394
G2101410,26851
G2101430,8402
G2101450,65408
G2101470,18001
G2101490,9500
G2101510,85838
G2101530,12979
G2101550,19717
G2101570,31181
G2101590,12631
G2101610,17296
G2101630,29098
G2101650,6343
G2101670,21342
G2101690,9985
G2101710,10765
G2101730,27167
G2101750,13428
G2101770,31309
G2101790,44564
G2101810,7075
G2101830,24065
G2101850,63037
G2101870,10711
G2101890,4616
G2101910,14514
G2101930,28041
G2101950,63434
G2101970,12447
G2101990,63635
G2102010,2208
G2102030,16942
G2102050,23608
G2102070,17669
G2102090,50178
G2102110,44290
G2102130,17704
G2102150,17577
G2102170,24993
G2102190,12524
G2102210,14250
G2102230,8783
G2102250,15138
G2102270,118950
G2102290,11910
G2102310,20655
G2102330,13357
G2102350,35794
G2102370,7261
G2102390,25317
G2200010,62163
G2200030,25653
G2200050,114738
G2200070,23057
G2200090,41389
G2200110,36259
G2200130,13977
G2200150,123403
G2200170,254742
G2200190,195887
G2200210,9990
G2200230,6706
G2200250,10247
G2200270,16639
G2200290,20449
G2200310,26965
G2200330,444690
G2200350,7501
G2200370,19855
G2200390,33768
G2200410,20550
G2200430,22362
G2200450,73938
G2200470,33229
G2200490,16109
G2200510,435092
G2200530,31434
G2200550,231811
G2200570,97474
G2200590,14899
G2200610,47349
G2200630,133949
G2200650,11873
G2200670,27012
G2200690,39330
G2200710,376738
G2200730,155769
G2200750,23599
G2200770,22498
G2200790,132225
G2200810,8838
G2200830,20777
G2200850,24248
G2200870,42858
G2200890,52639
G2200910,10818
G2200930,21650
G2200950,44161
G2200970,83613
G2200990,53126
G2201010,53441
G2201030,242960
G2201050,125486
G2201070,4893
G2201090,112742
G2201110,22533
G2201130,59110
G2201150,52476
G2201170,46556
G2201190,40617
G2201210,24669
G2201230,11454
G2201250,15415
G2201270,14855
G2300010,107393
G2300030,70005
G2300050,286119
G2300070,30402
G2300090,54658
G2300110,121112
G2300130,39723
G2300150,34156
G2300170,57421
G2300190,153437
G2300210,17156
G2300230,35092
G2300250,51577
G2300270,38976
G2300290,32191
G2300310,199682
G2400010,73549
G2400030,555280
G2400050,822959
G2400090,90114
G2400110,32661
G2400130,167444
G2400150,101960
G2400170,152754
G2400190,32534
G2400210,241373
G2400230,29813
G2400250,248966
G2400270,304115
G2400290,19923
G2400310,1017859
G2400330,892816
G2400350,48600
G2400370,109614
G2400390,25980
G2400410,37799
G2400430,149270
G2400450,101182
G2400470,51519
G2405100,622454
G2500010,214766
G2500030,129288
G2500050,552763
G2500070,17048
G2500090,763849
G2500110,71144
G2500130,468041
G2500150,160759
G2500170,1556116
G2500190,10556
G2500210,687721
G2500230,503681
G2500250,758919
G2500270,810935
G2600010,10550
G2600030,9476
G2600050,112837
G2600070,29068
G2600090,23267
G2600110,15424
G2600130,8690
G2600150,59147
G2600170,106698
G2600190,17437
G2600210,155565
G2600230,43706
G2600250,134790
G2600270,51952
G2600290,26134
G2600310,25690
G2600330,38586
G2600350,30710
G2600370,76905
G2600390,13895
G2600410,36712
G2600430,26012
G2600450,108341
G2600470,33018
G2600490,415874
G2600510,25501
G2600530,15824
G2600550,89907
G2600570,41878
G2600590,46178
G2600610,36660
G2600630,32290
G2600650,283491
G2600670,64064
G2600690,25401
G2600710,11507
G2600730,70669
G2600750,159759
G2600770,256752
G2600790,17230
G2600810,622590
G2600830,2198
G2600850,11426
G2600870,88235
G2600890,21772
G2600910,98902
G2600930,184591
G2600950,6477
G2600970,11044
G2600990,854689
G2601010,24536
G2601030,67582
G2601050,28711
G2601070,43301
G2601090,23717
G2601110,83624
G2601130,14988
G2601150,150436
G2601170,63004
G2601190,9401
G2601210,171483
G2601230,48029
G2601250,1229503
G2601270,26229
G2601290,21222
G2601310,6298
G2601330,23234
G2601350,8444
G2601370,24141
G2601390,273136
G2601410,13037
G2601430,24068
G2601450,196479
G2601470,160429
G2601490,61022
G2601510,42014
G2601530,8288
G2601550,69113
G2601570,54420
G2601590,75351
G2601610,354092
G2601630,1778969
G2601650,32751
G2700010,15839
G2700030,338764
G2700050,33138
G2700070,45434
G2700090,39221
G2700110,5134
G2700130,65125
G2700150,25391
G2700170,35443
G2700190,95715
G2700210,28519
G2700230,12154
G2700250,53834
G2700270,60879
G2700290,8752
G2700310,5194
G2700330,11632
G2700350,63048
G2700370,408456
G2700390,20290
G2700410,36620
G2700430,14230
G2700450,20843
G2700470,30897
G2700490,46377
G2700510,5961
G2700530,1197776
G2700550,18812
G2700570,20574
G2700590,38296
G2700610,45354
G2700630,10211
G2700650,16003
G2700670,42444
G2700690,4480
G2700710,13054
G2700730,7023
G2700750,10750
G2700770,3949
G2700790,27707
G2700810,5808
G2700830,25699
G2700850,36046
G2700870,5496
G2700890,9453
G2700910,20350
G2700930,23129
G2700950,25809
G2700970,32962
G2700990,39227
G2701010,8529
G2701030,33086
G2701050,21687
G2701070,6692
G2701090,148736
G2701110,57511
G2701130,14110
G2701150,29218
G2701170,9354
G2701190,31547
G2701210,10948
G2701230,527411
G2701250,4061
G2701270,15723
G2701290,15171
G2701310,64886
G2701330,9563
G2701350,15615
G2701370,200506
G2701390,137322
G2701410,90401
G2701430,15021
G2701450,152595
G2701470,36523
G2701490,9771
G2701510,9525
G2701530,24466
G2701550,3429
G2701570,21381
G2701590,13759
G2701610,19076
G2701630,246670
G2701650,11054
G2701670,6526
G2701690,51213
G2701710,128691
G2701730,10092
G2800010,31979
G2800030,37319
G2800050,12840
G2800070,19175
G2800090,8470
G2800110,33803
G2800130,14789
G2800150,10338
G2800170,17391
G2800190,8354
G2800210,9330
G2800230,16362
G2800250,20279
G2800270,25254
G2800290,28921
G2800310,19471
G2800330,168586
G2800350,76267
G2800370,7857
G2800390,23104
G2800410,14129
G2800430,21591
G2800450,45627
G2800470,196268
G2800490,245874
G2800510,18772
G2800530,8984
G2800550,1291
G2800570,23451
G2800590,140676
G2800610,16588
G2800630,7586
G2800650,11941
G2800670,68276
G2800690,10211
G2800710,51169
G2800730,58885
G2800750,79832
G2800770,12586
G2800790,23153
G2800810,85036
G2800830,31516
G2800850,34765
G2800870,59699
G2800890,100202
G2800910,26109
G2800930,36385
G2800950,36175
G2800970,10464
G2800990,29553
G2801010,21663
G2801030,11143
G2801050,49048
G2801070,34373
G2801090,55196
G2801110,12187
G2801130,40075
G2801150,30517
G2801170,25380
G2801190,7761
G2801210,146761
G2801230,28293
G2801250,4805
G2801270,27401
G2801290,16257
G2801310,17978
G2801330,27911
G2801350,14959
G2801370,28415
G2801390,22054
G2801410,19539
G2801430,10477
G2801450,27811
G2801470,14978
G2801490,48020
G2801510,49499
G2801530,20564
G2801550,9999
G2801570,9345
G2801590,18697
G2801610,12381
G2801630,27911
G2900010,25560
G2900030,17328
G2900050,5440
G2900070,25783
G2900090,35726
G2900110,12166
G2900130,16643
G2900150,18854
G2900170,12356
G2900190,170770
G2900210,89561
G2900230,42951
G2900250,9083
G2900270,44566
G2900290,43927
G2900310,77606
G2900330,9096
G2900350,6284
G2900370,100781
G2900390,13892
G2900410,7650
G2900430,80904
G2900450,6919
G2900470,230361
G2900490,20498
G2900510,76533
G2900530,17593
G2900550,24660
G2900570,7618
G2900590,16564
G2900610,8277
G2900630,12782
G2900650,15612
G2900670,13516
G2900690,31562
G2900710,101828
G2900730,14948
G2900750,6785
G2900770,283206
G2900790,10256
G2900810,8722
G2900830,22034
G2900850,9335
G2900870,4615
G2900890,10182
G2900910,40326
G2900930,10322
G2900950,680905
G2900970,117184
G2900990,221577
G2901010,54155
G2901030,4035
G2901050,35514
G2901070,32916
G2901090,38244
G2901110,10172
G2901130,53850
G2901150,12401
G2901170,15042
G2901190,22763
G2901210,15460
G2901230,12401
G2901250,9057
G2901270,28840
G2901290,3718
G2901310,24956
G2901330,14208
G2901350,15801
G2901370,8680
G2901390,11939
G2901410,20225
G2901430,18411
G2901450,58777
G2901470,23186
G2901490,10979
G2901510,13758
G2901530,9537
G2901550,17837
G2901570,19100
G2901590,42215
G2901610,45029
G2901630,18517
G2901650,93394
G2901670,31107
G2901690,53443
G2901710,4895
G2901730,10243
G2901750,25135
G2901770,23031
G2901790,6578
G2901810,13990
G2901830,374805
G2901850,9520
G2901860,17990
G2901870,66010
G2901890,1001327
G2901950,23334
G2901970,4395
G2901990,4873
G2902010,39061
G2902030,8317
G2902050,6179
G2902070,29837
G2902090,31375
G2902110,6512
G2902130,53555
G2902150,25735
G2902170,20878
G2902190,33043
G2902210,25048
G2902230,13397
G2902250,36690
G2902270,2082
G2902290,18449
G2905100,317850
G3000010,9291
G3000030,13141
G3000050,6598
G3000070,5692
G3000090,10268
G3000110,1227
G3000130,82090
G3000150,5855
G3000170,11945
G3000190,1758
G3000210,9365
G3000230,9211
G3000250,3057
G3000270,11468
G3000290,93333
G3000310,95323
G3000330,1047
G3000350,13672
G3000370,756
G3000390,3168
G3000410,16523
G3000430,11502
G3000450,1997
G3000470,29157
G3000490,65357
G3000510,2369
G3000530,19337
G3000550,1728
G3000570,7767
G3000590,1898
G3000610,4238
G3000630,111966
G3000650,4790
G3000670,15708
G3000690,443
G3000710,4167
G3000730,6206
G3000750,1703
G3000770,6975
G3000790,1372
G3000810,40823
G3000830,11132
G3000850,11072
G3000870,9352
G3000890,11346
G3000910,3630
G3000930,34549
G3000950,9288
G3000970,3633
G3000990,6074
G3001010,5150
G3001030,812
G3001050,7577
G3001070,2115
G3001090,986
G3001110,153692
G3100010,31442
G3100030,6486
G3100050,448
G3100070,820
G3100090,551
G3100110,5373
G3100130,11310
G3100150,2039
G3100170,3078
G3100190,47958
G3100210,6647
G3100230,8256
G3100250,25360
G3100270,8675
G3100290,3897
G3100310,5770
G3100330,10077
G3100350,6382
G3100370,10522
G3100390,9078
G3100410,10802
G3100430,20798
G3100450,9136
G3100470,24069
G3100490,1946
G3100510,5866
G3100530,36725
G3100550,537655
G3100570,2015
G3100590,5697
G3100610,3105
G3100630,2573
G3100650,4887
G3100670,21818
G3100690,1823
G3100710,1933
G3100730,1976
G3100750,769
G3100770,2476
G3100790,60792
G3100810,9100
G3100830,3458
G3100850,1084
G3100870,2879
G3100890,10398
G3100910,681
G3100930,6347
G3100950,7433
G3100970,5167
G3100990,6549
G3101010,8146
G3101030,711
G3101050,3720
G3101070,8556
G3101090,298080
G3101110,35896
G3101130,851
G3101150,548
G3101170,433
G3101190,35111
G3101210,7776
G3101230,4874
G3101250,3639
G3101270,7168
G3101290,4391
G3101310,15842
G3101330,2726
G3101350,2924
G3101370,9216
G3101390,7184
G3101410,32642
G3101430,5271
G3101450,10946
G3101470,8201
G3101490,1401
G3101510,14360
G3101530,169192
G3101550,20913
G3101570,36684
G3101590,16998
G3101610,5294
G3101630,3107
G3101650,1249
G3101670,6081
G3101690,5182
G3101710,675
G3101730,6946
G3101750,4254
G3101770,20257
G3101790,9425
G3101810,3697
G3101830,847
G3101850,13825
G3200010,24252
G3200030,2035572
G3200050,47259
G3200070,51562
G3200090,1141
G3200110,1669
G3200130,17067
G3200150,5946
G3200170,5194
G3200190,51657
G3200210,4566
G3200230,42625
G3200270,6722
G3200290,3929
G3200310,435019
G3200330,9974
G3205100,54482
G3300010,60399
G3300030,47513
G3300050,76430
G3300070,31870
G3300090,89341
G3300110,403972
G3300130,147262
G3300150,299006
G3300170,125273
G3300190,43135
G3400010,275376
G3400030,926330
G3400050,450556
G3400070,511998
G3400090,95805
G3400110,157035
G3400130,791609
G3400150,290298
G3400170,662619
G3400190,126250
G3400210,370212
G3400230,830300
G3400250,629185
G3400270,498192
G3400290,583450
G3400310,507574
G3400330,65120
G3400350,330604
G3400370,145930
G3400390,548744
G3400410,107226
G3500010,673943
G3500030,3583
G3500050,65811
G3500060,27382
G3500070,12997
G3500090,50497
G3500110,2020
G3500130,213963
G3500150,55641
G3500170,29119
G3500190,4526
G3500210,565
G3500230,4643
G3500250,68149
G3500270,19931
G3500280,17939
G3500290,24789
G3500310,73998
G3500330,4660
G3500350,65318
G3500370,8698
G3500390,39949
G3500410,19908
G3500430,136638
G3500450,125133
G3500470,28668
G3500490,147108
G3500510,11615
G3500530,17494
G3500550,32943
G3500570,15853
G3500590,4339
G3500610,76297
G3600010,307463
G3600030,48070
G3600050,1428357
G3600070,198093
G3600090,78962
G3600110,79173
G3600130,132646
G3600150,88267
G3600170,49549
G3600190,81685
G3600210,62195
G3600230,49043
G3600250,46901
G3600270,296928
G3600290,921584
G3600310,38912
G3600330,51280
G3600350,54606
G3600370,59458
G3600390,48312
G3600410,4760
G3600430,64034
G3600450,118947
G3600470,2595259
G3600490,27124
G3600510,64801
G3600530,72427
G3600550,749356
G3600570,49779
G3600590,1354612
G3600610,1629507
G3600630,214150
G3600650,233558
G3600670,468304
G3600690,109192
G3600710,375384
G3600730,42204
G3600750,121183
G3600770,61399
G3600790,99488
G3600810,2301139
G3600830,159900
G3600850,472481
G3600870,320688
G3600890,112011
G3600910,223774
G3600930,154796
G3600950,31913
G3600970,18410
G3600990,35144
G3601010,98665
G3601030,1501373
G3601050,76330
G3601070,50199
G3601090,103855
G3601110,181300
G3601130,65180
G3601150,62700
G3601170,92416
G3601190,967315
G3601210,41446
G3601230,25187
G3700010,155258
G3700030,37158
G3700050,10911
G3700070,26135
G3700090,27114
G3700110,17695
G3700130,47561
G3700150,20518
G3700170,34720
G3700190,115926
G3700210,247336
G3700230,89548
G3700250,188375
G3700270,81758
G3700290,10161
G3700310,68228
G3700330,23174
G3700350,154610
G3700370,67431
G3700390,27092
G3700410,14656
G3700430,10656
G3700450,97178
G3700470,57230
G3700490,104450
G3700510,324603
G3700530,24492
G3700550,34863
G3700570,163867
G3700590,41447
G3700610,59453
G3700630,288817
G3700650,55280
G3700670,361684
G3700690,62296
G3700710,209807
G3700730,11724
G3700750,8700
G3700770,58109
G3700790,21328
G3700810,506763
G3700830,53407
G3700850,124320
G3700870,59170
G3700890,109719
G3700910,24368
G3700930,51075
G3700950,5693
G3700970,165066
G3700990,40812
G3701010,178396
G3701030,10166
G3701050,59418
G3701070,58782
G3701090,79578
G3701110,44961
G3701130,33919
G3701150,21027
G3701170,23729
G3701190,990288
G3701210,15330
G3701230,27601
G3701250,91743
G3701270,94722
G3701290,213091
G3701310,21011
G3701330,183753
G3701350,138644
G3701370,12982
G3701390,40018
G3701410,55166
G3701430,13498
G3701450,39262
G3701470,173798
G3701490,20327
G3701510,142370
G3701530,46046
G3701550,134871
G3701570,92300
G3701590,138361
G3701610,66865
G3701630,63873
G3701650,35932
G3701670,60586
G3701690,46661
G3701710,73170
G3701730,14163
G3701750,32928
G3701770,4152
G3701790,213422
G3701810,44829
G3701830,976019
G3701850,20468
G3701870,12668
G3701890,52240
G3701910,124355
G3701930,68946
G3701950,81581
G3701970,37971
G3701990,17604
G3800010,2341
G3800030,11097
G3800050,6794
G3800070,969
G3800090,6634
G3800110,3221
G3800130,2208
G3800150,88223
G3800170,162500
G3800190,3890
G3800210,5195
G3800230,2314
G3800250,4195
G3800270,2370
G3800290,3463
G3800310,3366
G3800330,1822
G3800350,68979
G3800370,2362
G3800390,2329
G3800410,2621
G3800430,2430
G3800450,4113
G3800470,1945
G3800490,5817
G3800510,2759
G3800530,9615
G3800550,9451
G3800570,8633
G3800590,28985
G3800610,9253
G3800630,3048
G3800650,1819
G3800670,7206
G3800690,4395
G3800710,11566
G3800730,5453
G3800750,2562
G3800770,16317
G3800790,14498
G3800810,3874
G3800830,1337
G3800850,4380
G3800870,673
G3800890,28628
G3800910,1979
G3800930,21076
G3800950,2294
G3800970,8077
G3800990,11005
G3801010,67736
G3801030,4204
G3801050,29619
G3900010,28229
G3900030,105196
G3900050,53189
G3900070,99777
G3900090,64974
G3900110,45873
G3900130,69560
G3900150,44247
G3900170,372538
G3900190,28361
G3900210,39393
G3900230,136827
G3900250,200285
G3900270,41892
G3900290,105987
G3900310,36724
G3900330,42725
G3900350,1263189
G3900370,52356
G3900390,38669
G3900410,185433
G3900430,76141
G3900450,149112
G3900470,28769
G3900490,1215761
G3900510,42485
G3900530,30565
G3900550,93874
G3900570,164192
G3900590,39626
G3900610,804194
G3900630,75428
G3900650,31736
G3900670,15633
G3900690,28015
G3900710,43170
G3900730,28914
G3900750,43436
G3900770,58937
G3900790,32854
G3900810,68053
G3900830,61004
G3900850,229437
G3900870,61827
G3900890,168693
G3900910,45484
G3900930,303152
G3900950,436261
G3900970,43456
G3900990,234550
G3901010,65943
G3901030,174831
G3901050,23473
G3901070,40863
G3901090,103517
G3901110,14547
G3901130,533763
G3901150,14913
G3901170,34996
G3901190,86016
G3901210,14508
G3901230,41162
G3901250,19165
G3901270,36025
G3901290,56515
G3901310,28396
G3901330,161897
G3901350,41682
G3901370,34184
G3901390,122312
G3901410,77334
G3901430,60187
G3901450,78017
G3901470,55929
G3901490,49067
G3901510,374979
G3901530,541847
G3901550,206373
G3901570,92697
G3901590,53470
G3901610,28576
G3901630,13234
G3901650,219916
G3901670,61351
G3901690,115371
G3901710,37386
G3901730,128885
G3901750,22467
G4000010,22236
G4000030,5755
G4000050,13906
G4000070,5530
G4000090,23300
G4000110,9810
G4000130,44003
G4000150,29495
G4000170,126193
G4000190,48442
G4000210,48097
G4000230,15120
G4000250,2341
G4000270,268614
G4000290,5812
G4000310,125531
G4000330,6112
G4000350,14744
G4000370,70761
G4000390,28978
G4000410,41409
G4000430,4863
G4000450,4121
G4000470,62192
G4000490,27455
G4000510,53612
G4000530,4517
G4000550,6117
G4000570,2866
G4000590,3766
G4000610,12850
G4000630,13785
G4000650,26056
G4000670,6333
G4000690,11022
G4000710,45587
G4000730,15302
G4000750,9302
G4000770,10774
G4000790,49899
G4000810,34504
G4000830,44493
G4000850,9663
G4000870,36512
G4000890,33143
G4000910,20280
G4000930,7700
G4000950,16014
G4000970,41007
G4000990,13733
G4001010,70224
G4001030,11506
G4001050,10555
G4001070,12248
G4001090,754480
G4001110,39446
G4001130,48054
G4001150,32085
G4001170,16499
G4001190,79423
G4001210,44961
G4001230,38055
G4001250,71136
G4001270,11226
G4001290,3780
G4001310,89190
G4001330,25481
G4001350,41464
G4001370,44806
G4001390,21588
G4001410,7715
G4001430,623335
G4001450,75391
G4001470,51760
G4001490,11649
G4001510,9033
G4001530,20986
G4100010,16052
G4100030,86495
G4100050,389438
G4100070,37382
G4100090,49389
G4100110,62775
G4100130,20956
G4100150,22338
G4100170,166622
G4100190,107194
G4100210,1883
G4100230,7276
G4100250,7229
G4100270,22749
G4100290,208363
G4100310,22061
G4100330,83409
G4100350,65972
G4100370,7842
G4100390,357060
G4100410,46347
G4100430,118971
G4100450,30551
G4100470,323259
G4100490,11204
G4100510,768418
G4100530,77264
G4100550,1795
G4100570,25430
G4100590,76738
G4100610,25745
G4100630,6857
G4100650,25492
G4100670,556210
G4100690,1348
G4100710,101119
G4200010,101767
G4200030,1231145
G4200050,67979
G4200070,169785
G4200090,49086
G4200110,413965
G4200130,126448
G4200150,62228
G4200170,626583
G4200190,185689
G4200210,139381
G4200230,4869
G4200250,64634
G4200270,157823
G4200290,509797
G4200310,39454
G4200330,81343
G4200350,39614
G4200370,66912
G4200390,87343
G4200410,241427
G4200430,271094
G4200450,561683
G4200470,31370
G4200490,279858
G4200510,134851
G4200530,7581
G4200550,152285
G4200570,14694
G4200590,37938
G4200610,45906
G4200630,87895
G4200650,44756
G4200670,24829
G4200690,213459
G4200710,530216
G4200730,89162
G4200750,135776
G4200770,356756
G4200790,320095
G4200810,116656
G4200830,42884
G4200850,115320
G4200870,46675
G4200890,167881
G4200910,812970
G4200930,18508
G4200950,299616
G4200970,94006
G4200990,45677
G4201010,1555072
G4201030,56632
G4201050,17377
G4201070,146360
G4201090,40046
G4201110,76617
G4201130,6381
G4201150,42369
G4201170,42284
G4201190,44958
G4201210,53906
G4201230,40962
G4201250,208226
G4201270,51642
G4201290,361251
G4201310,28147
G4201330,439660
G4400010,49176
G4400030,164958
G4400050,82663
G4400070,630459
G4400090,126405
G4500010,24997
G4500030,163908
G4500050,9838
G4500070,191215
G4500090,15432
G4500110,22098
G4500130,171420
G4500150,193613
G4500170,14958
G4500190,372904
G4500210,55863
G4500230,32556
G4500250,46192
G4500270,34178
G4500290,38004
G4500310,67922
G4500330,31435
G4500350,145715
G4500370,26466
G4500390,23108
G4500410,138330
G4500430,60572
G4500450,474903
G4500470,69771
G4500490,20473
G4500510,290730
G4500530,26549
G4500550,62722
G4500570,81263
G4500590,66389
G4500610,18461
G4500630,273843
G4500650,9895
G4500670,32167
G4500690,27993
G4500710,37690
G4500730,74949
G4500750,90575
G4500770,120124
G4500790,397899
G4500810,20000
G4500830,291240
G4500850,107777
G4500870,28125
G4500890,33238
G4500910,240076
G4600030,2729
G4600050,18168
G4600070,3438
G4600090,7013
G4600110,33046
G4600130,38060
G4600150,5330
G4600170,2038
G4600190,10292
G4600210,1548
G4600230,9239
G4600250,3625
G4600270,14011
G4600290,27750
G4600310,4149
G4600330,8394
G4600350,19787
G4600370,5618
G4600390,4341
G4600410,5579
G4600430,2973
G4600450,4018
G4600470,6906
G4600490,2359
G4600510,7227
G4600530,4226
G4600550,2083
G4600570,5982
G4600590,3375
G4600610,3386
G4600630,1328
G4600650,17466
G4600670,7226
G4600690,1413
G4600710,3237
G4600730,2031
G4600750,781
G4600770,5107
G4600790,12086
G4600810,24645
G4600830,49874
G4600850,3837
G4600870,5613
G4600890,2263
G4600910,4701
G4600930,26381
G4600950,2086
G4600970,2306
G4600990,178942
G4601010,6439
G4601020,14153
G4601030,106085
G4601050,2981
G4601070,2307
G4601090,10318
G4601110,2339
G4601150,6570
G4601170,2962
G4601190,1469
G4601210,9942
G4601230,5504
G4601250,8302
G4601270,14842
G4601290,5495
G4601350,22636
G4601370,2833
G4700010,75430
G4700030,45986
G4700050,16261
G4700070,13686
G4700090,125188
G4700110,102062
G4700130,40176
G4700150,13787
G4700170,28353
G4700190,56941
G4700210,39422
G4700230,17324
G4700250,31748
G4700270,7780
G4700290,35321
G4700310,53448
G4700330,14600
G4700350,57455
G4700370,658506
G4700390,11686
G4700410,19038
G4700430,50472
G4700450,38054
G4700470,38814
G4700490,17931
G4700510,41138
G4700530,49572
G4700550,28949
G4700570,22736
G4700590,68576
G4700610,13524
G4700630,62999
G4700650,348121
G4700670,6642
G4700690,26253
G4700710,25900
G4700730,56595
G4700750,18248
G4700770,28013
G4700790,32269
G4700810,24283
G4700830,8290
G4700850,18240
G4700870,11496
G4700890,52490
G4700910,18017
G4700930,444348
G4700950,7687
G4700970,27427
G4700990,42226
G4701010,11944
G4701030,33550
G4701050,50229
G4701070,52506
G4701090,26103
G4701110,22761
G4701130,98184
G4701150,28306
G4701170,31159
G4701190,84089
G4701210,11716
G4701230,45293
G4701250,185980
G4701270,6351
G4701290,21794
G4701310,31129
G4701330,22100
G4701350,7864
G4701370,5097
G4701390,16687
G4701410,73810
G4701430,32394
G4701450,53162
G4701470,67426
G4701490,282558
G4701510,22043
G4701530,14592
G4701550,93617
G4701570,937750
G4701590,19136
G4701610,13286
G4701630,156752
G4701650,169623
G4701670,61674
G4701690,7884
G4701710,18069
G4701730,19096
G4701750,5596
G4701770,40015
G4701790,125317
G4701810,16897
G4701830,34415
G4701850,26252
G4701870,199456
G4701890,122445
G4800010,57915
G4800030,16775
G4800050,87748
G4800070,24292
G4800090,8779
G4800110,1943
G4800130,47050
G4800150,28886
G4800170,7126
G4800190,20796
G4800210,76948
G4800230,3628
G4800250,32659
G4800270,326041
G4800290,1825502
G4800310,10723
G4800330,705
G4800350,17971
G4800370,93155
G4800390,331741
G4800410,205271
G4800430,9235
G4800450,1670
G4800470,7221
G4800490,37833
G4800510,17293
G4800530,44144
G4800550,39347
G4800570,21666
G4800590,13532
G4800610,417947
G4800630,12516
G4800650,6068
G4800670,30328
G4800690,7948
G4800710,37251
G4800730,51167
G4800750,7059
G4800770,10479
G4800790,2993
G4800810,3238
G4800830,8536
G4800850,862215
G4800870,3058
G4800890,20757
G4800910,119632
G4800930,13623
G4800950,4086
G4800970,38761
G4800990,76128
G4801010,1510
G4801030,4730
G4801050,3699
G4801070,6007
G4801090,2296
G4801110,7014
G4801130,2485003
G4801150,13542
G4801170,19245
G4801190,5223
G4801210,731851
G4801230,20540
G4801250,2281
G4801270,10682
G4801290,3588
G4801310,11577
G4801330,18328
G4801350,149557
G4801370,1906
G4801390,157058
G4801410,831095
G4801430,40039
G4801450,17410
G4801470,33748
G4801490,24849
G4801510,3858
G4801530,6178
G4801550,1197
G4801570,658331
G4801590,10599
G4801610,19586
G4801630,18168
G4801650,18916
G4801670,308163
G4801690,6410
G4801710,25398
G4801730,1180
G4801750,7410
G4801770,20172
G4801790,22983
G4801810,122780
G4801830,123178
G4801850,26961
G4801870,143460
G4801890,35504
G4801910,3203
G4801930,8266
G4801950,5559
G4801970,3992
G4801990,55375
G4802010,4356362
G4802030,66417
G4802050,6121
G4802070,5853
G4802090,177562
G4802110,4115
G4802130,79016
G4802150,819217
G4802170,34923
G4802190,23322
G4802210,53171
G4802230,35645
G4802250,22949
G4802270,36105
G4802290,3330
G4802310,88052
G4802330,21858
G4802350,1644
G4802370,8946
G4802390,14486
G4802410,35768
G4802430,2232
G4802450,252872
G4802470,5239
G4802490,41461
G4802510,155450
G4802530,19978
G4802550,14879
G4802570,109289
G4802590,37361
G4802610,565
G4802630,821
G4802650,50149
G4802670,4486
G4802690,267
G4802710,3577
G4802730,32029
G4802750,3796
G4802770,49566
G4802790,13742
G4802810,20219
G4802830,7191
G4802850,19549
G4802870,16664
G4802890,16819
G4802910,77486
G4802930,23454
G4802950,3483
G4802970,11873
G4802990,19323
G4803010,117
G4803030,290782
G4803050,5764
G4803070,8273
G4803090,241505
G4803110,778
G4803130,13838
G4803150,10248
G4803170,5252
G4803190,4066
G4803210,36598
G4803230,56548
G4803250,47392
G4803270,2182
G4803290,151290
G4803310,24344
G4803330,4875
G4803350,9169
G4803370,19478
G4803390,502586
G4803410,22281
G4803430,12700
G4803450,1071
G4803470,65531
G4803490,48118
G4803510,14231
G4803530,15061
G4803550,352060
G4803570,10642
G4803590,2071
G4803610,83217
G4803630,27921
G4803650,23900
G4803670,121418
G4803690,10004
G4803710,15807
G4803730,46113
G4803750,122352
G4803770,7304
G4803790,11037
G4803810,126782
G4803830,3598
G4803850,3356
G4803870,12567
G4803890,14179
G4803910,7277
G4803930,931
G4803950,16532
G4803970,85536
G4803990,10445
G4804010,53457
G4804030,10440
G4804050,8695
G4804070,27023
G4804090,66070
G4804110,5893
G4804130,3224
G4804150,17238
G4804170,3352
G4804190,25725
G4804210,3066
G4804230,217552
G4804250,8608
G4804270,62648
G4804290,9452
G4804310,1346
G4804330,1414
G4804350,3966
G4804370,7713
G4804390,1914526
G4804410,134435
G4804430,921
G4804450,12687
G4804470,1545
G4804490,32553
G4804510,115056
G4804530,1121645
G4804550,14405
G4804570,21462
G4804590,40096
G4804610,3405
G4804630,26952
G4804650,48980
G4804670,52736
G4804690,90099
G4804710,69330
G4804730,45847
G4804750,11225
G4804770,34236
G4804790,263251
G4804810,41264
G4804830,5618
G4804850,131957
G4804870,13158
G4804890,22002
G4804910,473592
G4804930,45509
G4804950,7576
G4804970,61243
G4804990,42712
G4805010,8213
G4805030,18329
G4805050,14308
G4805070,12060
G4900010,6461
G4900030,50991
G4900050,117449
G4900070,20927
G4900090,776
G4900110,323374
G4900130,19817
G4900150,10728
G4900170,5069
G4900190,9388
G4900210,47139
G4900230,10400
G4900250,7202
G4900270,12582
G4900290,10276
G4900310,1865
G4900330,2292
G4900350,1078958
G4900370,15152
G4900390,28261
G4900410,20871
G4900430,38521
G4900450,60893
G4900470,35721
G4900490,551957
G4900510,26661
G4900530,148244
G4900550,2722
G4900570,238682
G5000010,36943
G5000030,36589
G5000050,31012
G5000070,159711
G5000090,6207
G5000110,48418
G5000130,6952
G5000150,25027
G5000170,28929
G5000190,27146
G5000210,60530
G5000230,59132
G5000250,43858
G5000270,56150
G5100010,33115
G5100030,103108
G5100050,16066
G5100070,12777
G5100090,32148
G5100110,15208
G5100130,223945
G5100150,74053
G5100170,4583
G5100190,76463
G5100210,6662
G5100230,33155
G5100250,16930
G5100270,23486
G5100290,17068
G5100310,55012
G5100330,29349
G5100350,29856
G5100360,7118
G5100370,12313
G5100410,328176
G5100430,14299
G5100450,5212
G5100470,48424
G5100490,9859
G5100510,15463
G5100530,28110
G5100570,11151
G5100590,1128722
G5100610,67463
G5100630,15523
G5100650,26014
G5100670,56315
G5100690,81340
G5100710,16907
G5100730,37001
G5100750,21721
G5100770,15573
G5100790,18938
G5100810,11760
G5100830,35506
G5100850,101340
G5100870,318864
G5100890,52580
G5100910,2244
G5100930,35740
G5100950,70673
G5100970,7106
G5100990,24933
G5101010,16097
G5101030,11129
G5101050,25206
G5101070,351129
G5101090,33986
G5101110,12558
G5101130,13147
G5101150,8880
G5101170,31555
G5101190,10717
G5101210,96467
G5101250,14858
G5101270,19560
G5101310,12184
G5101330,12304
G5101350,15711
G5101370,34596
G5101390,23843
G5101410,18264
G5101430,62794
G5101450,28207
G5101470,23022
G5101490,37380
G5101530,437271
G5101550,34528
G5101570,7431
G5101590,8989
G5101610,93633
G5101630,22444
G5101650,77785
G5101670,28245
G5101690,22570
G5101710,42724
G5101730,31734
G5101750,18410
G5101770,127691
G5101790,137145
G5101810,6823
G5101830,11864
G5101850,43870
G5101870,38481
G5101910,54759
G5101930,17557
G5101950,40530
G5101970,29190
G5101990,66471
G5105100,149315
G5105200,17524
G5105300,6666
G5105400,45084
G5105500,230601
G5105700,17515
G5105800,5736
G5105900,42450
G5105950,5672
G5106000,23402
G5106100,13308
G5106200,8457
G5106300,27395
G5106400,6876
G5106500,137081
G5106600,51388
G5106700,22279
G5106780,7071
G5106800,78158
G5106830,40743
G5106850,15625
G5106900,13624
G5107000,181323
G5107100,245452
G5107200,4007
G5107300,32123
G5107350,12077
G5107400,96135
G5107500,17057
G5107600,213735
G5107700,98736
G5107750,25165
G5107900,24193
G5108000,86184
G5108100,448290
G5108200,21150
G5108300,14754
G5108400,27168
G5300010,19081
G5300030,22040
G5300050,184930
G5300070,74267
G5300090,72397
G5300110,444506
G5300130,3989
G5300150,102338
G5300170,39599
G5300190,7652
G5300210,86443
G5300230,2230
G5300250,92070
G5300270,71419
G5300290,79329
G5300310,30083
G5300330,2045756
G5300350,255441
G5300370,42204
G5300390,20820
G5300410,75515
G5300430,10363
G5300450,60791
G5300470,41332
G5300490,20645
G5300510,12968
G5300530,821952
G5300550,15956
G5300570,119343
G5300590,11243
G5300610,746653
G5300630,480832
G5300650,43548
G5300670,262723
G5300690,4035
G5300710,59726
G5300730,207100
G5300750,46737
G5300770,247408
G5400010,16731
G5400030,108724
G5400050,24000
G5400070,14466
G5400090,23665
G5400110,96824
G5400130,7557
G5400150,9141
G5400170,8201
G5400190,45534
G5400210,8644
G5400230,11815
G5400250,35666
G5400270,23542
G5400290,30201
G5400310,13936
G5400330,68998
G5400350,29256
G5400370,55214
G5400390,190781
G5400410,16434
G5400430,21560
G5400450,35760
G5400470,20802
G5400490,56790
G5400510,32480
G5400530,27177
G5400550,61891
G5400570,27755
G5400590,25931
G5400610,101668
G5400630,13525
G5400650,17475
G5400670,25930
G5400690,43637
G5400710,7402
G5400730,7636
G5400750,8697
G5400770,33809
G5400790,56596
G5400810,78493
G5400830,29365
G5400850,10140
G5400870,14636
G5400890,13544
G5400910,16977
G5400930,6972
G5400950,9033
G5400970,24560
G5400990,41499
G5401010,8927
G5401030,16157
G5401050,5841
G5401070,86559
G5401090,22866
G5500010,20451
G5500030,15993
G5500050,45686
G5500070,15050
G5500090,254717
G5500110,13319
G5500130,15334
G5500150,49678
G5500170,63209
G5500190,34518
G5500210,56607
G5500230,16483
G5500250,510198
G5500270,88547
G5500290,27731
G5500310,43799
G5500330,44159
G5500350,101281
G5500370,4476
G5500390,101920
G5500410,9150
G5500430,51489
G5500450,37044
G5500470,18966
G5500490,23769
G5500510,5907
G5500530,20543
G5500550,84345
G5500570,26494
G5500590,167738
G5500610,20483
G5500630,117048
G5500650,16835
G5500670,19551
G5500690,28286
G5500710,80521
G5500730,135177
G5500750,41287
G5500770,15140
G5500780,4451
G5500790,955939
G5500810,45274
G5500830,37476
G5500850,35653
G5500870,180430
G5500890,87273
G5500910,7372
G5500930,40799
G5500950,43572
G5500970,70432
G5500990,13800
G5501010,194895
G5501030,17746
G5501050,160727
G5501070,14357
G5501090,86118
G5501110,62992
G5501130,16483
G5501150,41563
G5501170,115226
G5501190,20569
G5501210,29412
G5501230,30279
G5501250,21355
G5501270,103039
G5501290,15700
G5501310,132921
G5501330,393873
G5501350,52125
G5501370,24321
G5501390,169004
G5501410,74012
G5600010,37565
G5600030,11895
G5600050,48013
G5600070,15739
G5600090,14101
G5600110,7229
G5600130,40755
G5600150,13544
G5600170,4809
G5600190,8600
G5600210,95431
G5600230,18316
G5600250,80011
G5600270,2516
G5600290,28985
G5600310,8750
G5600330,29738
G5600350,10117
G5600370,44772
G5600390,22311
G5600410,20930
G5600430,8400
G5600450,7152
G7200010,18962
G7200030,40603
G7200050,57973
G7200070,27693
G7200090,24829
G7200110,28579
G7200130,92511
G7200150,19018
G7200170,24775
G7200190,29805
G7200210,197287
G7200230,50380
G7200250,138262
G7200270,33949
G7200290,47432
G7200310,168114
G7200330,26680
G7200350,46647
G7200370,12810
G7200390,17928
G7200410,42298
G7200430,40293
G7200450,20339
G7200470,35975
G7200490,1557
G7200510,38166
G7200530,34720
G7200540,12408
G7200550,18207
G7200570,43700
G7200590,20442
G7200610,93899
G7200630,46765
G7200650,41578
G7200670,16845
G7200690,56384
G7200710,44438
G7200730,15890
G7200750,49259
G7200770,40104
G7200790,24722
G7200810,28727
G7200830,9306
G7200850,38605
G7200870,28454
G7200890,19497
G7200910,42167
G7200930,6315
G7200950,11701
G7200970,83418
G7200990,38815
G7201010,32294
G7201030,26804
G7201050,29751
G7201070,22595
G7201090,18441
G7201110,22770
G7201130,156054
G7201150,25205
G7201170,14841
G7201190,53029
G7201210,24307
G7201230,30114
G7201250,34125
G7201270,371400
G7201290,39778
G7201310,40471
G7201330,22913
G7201350,74603
G7201370,85242
G7201390,71886
G7201410,31474
G7201430,39319
G7201450,56858
G7201470,9130
G7201490,24685
G7201510,36279
G7201530,39474
